fact_id,category,fact_statement,value,unit,period,prior_value,source_doc,accession_no,section,page,filed_date,gaap_flag,verified_by,base_model_knows,notes
F001,income_statement,"JPMorganChase reported total net revenue of $182,447 million for FY2025, up 3% from $177,556 million in 2024",182447,USD millions,FY2025,177556,10-K,0001628280-26-008131,Three-Year Summary of Consolidated Financial Highlights,44,2026-02-13,GAAP,,,2024 included $7.9B Visa net gain (see F062)
F002,income_statement,"JPMorganChase net interest income was $95,443 million for FY2025, up 3% from $92,583 million in 2024",95443,USD millions,FY2025,92583,10-K,0001628280-26-008131,MD&A Executive Overview,47,2026-02-13,GAAP,,,"driven by Markets NII, Card revolving balances, wholesale deposits; offset by deposit margin compression"
F003,income_statement,"JPMorganChase noninterest revenue was $87,004 million for FY2025, up 2% from $84,973 million in 2024",87004,USD millions,FY2025,84973,10-K,0001628280-26-008131,MD&A Executive Overview,47,2026-02-13,GAAP,,,
F004,income_statement,"JPMorganChase total noninterest expense was $95,640 million for FY2025, up 4% from $91,797 million in 2024",95640,USD millions,FY2025,91797,10-K,0001628280-26-008131,Three-Year Summary of Consolidated Financial Highlights,44,2026-02-13,GAAP,,,"driven by higher compensation, brokerage expense, technology and marketing"
F005,income_statement,"JPMorganChase pre-provision profit was $86,807 million for FY2025 versus $85,759 million in 2024",86807,USD millions,FY2025,85759,10-K,0001628280-26-008131,Three-Year Summary of Consolidated Financial Highlights,44,2026-02-13,non-GAAP,,,non-GAAP measure
F006,income_statement,"JPMorganChase provision for credit losses was $14,212 million for FY2025, up 33% from $10,678 million in 2024",14212,USD millions,FY2025,10678,10-K,0001628280-26-008131,Three-Year Summary of Consolidated Financial Highlights,44,2026-02-13,GAAP,,,includes $2.2B provision for lending-related commitments from Apple Card transaction
F007,income_statement,"JPMorganChase income before income tax expense was $72,595 million for FY2025 versus $75,081 million in 2024",72595,USD millions,FY2025,75081,10-K,0001628280-26-008131,Three-Year Summary of Consolidated Financial Highlights,44,2026-02-13,GAAP,,,
F008,income_statement,"JPMorganChase income tax expense was $15,547 million for FY2025 versus $16,610 million in 2024",15547,USD millions,FY2025,16610,10-K,0001628280-26-008131,Three-Year Summary of Consolidated Financial Highlights,44,2026-02-13,GAAP,,,
F009,income_statement,"JPMorganChase net income was $57,048 million for FY2025, down 2% from $58,471 million in 2024",57048,USD millions,FY2025,58471,10-K,0001628280-26-008131,Three-Year Summary of Consolidated Financial Highlights,44,2026-02-13,GAAP,,,
F010,per_share,"JPMorganChase basic earnings per share was $20.05 for FY2025 versus $19.79 in 2024",20.05,USD per share,FY2025,19.79,10-K,0001628280-26-008131,Three-Year Summary of Consolidated Financial Highlights,44,2026-02-13,GAAP,,,
F011,per_share,"JPMorganChase diluted earnings per share was $20.02 for FY2025, up 1% from $19.75 in 2024",20.02,USD per share,FY2025,19.75,10-K,0001628280-26-008131,Three-Year Summary of Consolidated Financial Highlights,44,2026-02-13,GAAP,,,
F012,per_share,"JPMorganChase average basic shares outstanding were 2,776.5 million for FY2025 versus 2,873.9 million in 2024",2776.5,shares millions,FY2025,2873.9,10-K,0001628280-26-008131,Three-Year Summary of Consolidated Financial Highlights,44,2026-02-13,GAAP,,,
F013,per_share,"JPMorganChase average diluted shares outstanding were 2,781.5 million for FY2025 versus 2,879.0 million in 2024",2781.5,shares millions,FY2025,2879.0,10-K,0001628280-26-008131,Three-Year Summary of Consolidated Financial Highlights,44,2026-02-13,GAAP,,,
F014,market,"JPMorganChase market capitalization was $868,793 million at December 31 2025 versus $670,618 million a year earlier",868793,USD millions,2025-12-31,670618,10-K,0001628280-26-008131,Three-Year Summary of Consolidated Financial Highlights,44,2026-02-13,GAAP,,,
F015,market,"JPMorganChase had 2,696.2 million common shares outstanding at December 31 2025 versus 2,797.6 million a year earlier",2696.2,shares millions,2025-12-31,2797.6,10-K,0001628280-26-008131,Three-Year Summary of Consolidated Financial Highlights,44,2026-02-13,GAAP,,,
F016,per_share,"JPMorganChase book value per share was $126.99 at December 31 2025, up 9% from $116.07 a year earlier",126.99,USD per share,2025-12-31,116.07,10-K,0001628280-26-008131,Three-Year Summary of Consolidated Financial Highlights,44,2026-02-13,GAAP,,,
F017,per_share,"JPMorganChase tangible book value per share (TBVPS) grew 10.5% during 2025 to $107.56 from $97.30",107.56,USD per share,2025-12-31,97.30,10-K,0001628280-26-008131,Three-Year Summary of Consolidated Financial Highlights,44,2026-02-13,non-GAAP,,,growth rate stated in Executive Overview p.47
F018,per_share,"JPMorganChase declared cash dividends of $5.80 per share for FY2025 versus $4.80 in 2024",5.80,USD per share,FY2025,4.80,10-K,0001628280-26-008131,Three-Year Summary of Consolidated Financial Highlights,44,2026-02-13,GAAP,,,
F019,ratios,"JPMorganChase return on common equity (ROE) was 17% for FY2025 versus 18% in 2024",17,%,FY2025,18,10-K,0001628280-26-008131,Three-Year Summary of Consolidated Financial Highlights,44,2026-02-13,GAAP,,,
F020,ratios,"JPMorganChase return on tangible common equity (ROTCE) was 20% for FY2025 versus 22% in 2024",20,%,FY2025,22,10-K,0001628280-26-008131,Three-Year Summary of Consolidated Financial Highlights,44,2026-02-13,non-GAAP,,,
F021,ratios,"JPMorganChase return on assets (ROA) was 1.29% for FY2025 versus 1.43% in 2024",1.29,%,FY2025,1.43,10-K,0001628280-26-008131,Three-Year Summary of Consolidated Financial Highlights,44,2026-02-13,GAAP,,,
F022,ratios,"JPMorganChase overhead ratio was 52% for FY2025, unchanged from 52% in 2024",52,%,FY2025,52,10-K,0001628280-26-008131,Three-Year Summary of Consolidated Financial Highlights,44,2026-02-13,GAAP,,,
F023,ratios,"JPMorganChase loans-to-deposits ratio was 58% at December 31 2025 versus 56% a year earlier",58,%,2025-12-31,56,10-K,0001628280-26-008131,Three-Year Summary of Consolidated Financial Highlights,44,2026-02-13,GAAP,,,
F024,ratios,"JPMorganChase Firm average liquidity coverage ratio (LCR) was 111% for FY2025 versus 113% in 2024",111,%,Q4-2025 average,113,10-K,0001628280-26-008131,Three-Year Summary of Consolidated Financial Highlights,44,2026-02-13,GAAP,,,average for three months ended Dec 31
F025,ratios,"JPMorgan Chase Bank N.A. average LCR was 115% for FY2025 versus 124% in 2024",115,%,Q4-2025 average,124,10-K,0001628280-26-008131,Three-Year Summary of Consolidated Financial Highlights,44,2026-02-13,GAAP,,,average for three months ended Dec 31
F026,capital,"JPMorganChase Standardized CET1 capital ratio was 14.6% at December 31 2025 versus 15.7% a year earlier",14.6,%,2025-12-31,15.7,10-K,0001628280-26-008131,Three-Year Summary of Consolidated Financial Highlights,44,2026-02-13,GAAP,,,includes ~25bp decrease from Apple Card transaction
F027,capital,"JPMorganChase Advanced CET1 capital ratio was 14.1% at December 31 2025",14.1,%,2025-12-31,,10-K,0001628280-26-008131,MD&A Executive Overview,47,2026-02-13,GAAP,,,Advanced ratios became more binding than Standardized as of Dec 31 2025
F028,capital,"JPMorganChase CET1 capital was $288.5 billion at December 31 2025",288.5,USD billions,2025-12-31,,10-K,0001628280-26-008131,MD&A Executive Overview,47,2026-02-13,GAAP,,,
F029,capital,"JPMorganChase Standardized Tier 1 capital ratio was 15.5% at December 31 2025 versus 16.8% a year earlier",15.5,%,2025-12-31,16.8,10-K,0001628280-26-008131,Three-Year Summary of Consolidated Financial Highlights,44,2026-02-13,GAAP,,,
F030,capital,"JPMorganChase Standardized total capital ratio was 17.4% at December 31 2025 versus 18.5% a year earlier",17.4,%,2025-12-31,18.5,10-K,0001628280-26-008131,Three-Year Summary of Consolidated Financial Highlights,44,2026-02-13,GAAP,,,
F031,capital,"JPMorganChase Tier 1 leverage ratio was 6.9% for FY2025 versus 7.2% in 2024",6.9,%,Q4-2025 average,7.2,10-K,0001628280-26-008131,Three-Year Summary of Consolidated Financial Highlights,44,2026-02-13,GAAP,,,
F032,capital,"JPMorganChase supplementary leverage ratio (SLR) was 5.8% for FY2025 versus 6.1% in 2024",5.8,%,Q4-2025 average,6.1,10-K,0001628280-26-008131,Three-Year Summary of Consolidated Financial Highlights,44,2026-02-13,GAAP,,,
F033,balance_sheet,"JPMorganChase trading assets were $802,873 million at December 31 2025 versus $637,784 million a year earlier",802873,USD millions,2025-12-31,637784,10-K,0001628280-26-008131,Three-Year Summary of Consolidated Financial Highlights,44,2026-02-13,GAAP,,,
F034,balance_sheet,"JPMorganChase investment securities net of allowance were $777,332 million at December 31 2025 versus $681,320 million a year earlier",777332,USD millions,2025-12-31,681320,10-K,0001628280-26-008131,Three-Year Summary of Consolidated Financial Highlights,44,2026-02-13,GAAP,,,
F035,balance_sheet,"JPMorganChase period-end loans were $1,493,429 million at December 31 2025 versus $1,347,988 million a year earlier",1493429,USD millions,2025-12-31,1347988,10-K,0001628280-26-008131,Three-Year Summary of Consolidated Financial Highlights,44,2026-02-13,GAAP,,,
F036,balance_sheet,"JPMorganChase total assets were $4,424,900 million ($4.4 trillion) at December 31 2025 versus $4,002,814 million a year earlier",4424900,USD millions,2025-12-31,4002814,10-K,0001628280-26-008131,Three-Year Summary of Consolidated Financial Highlights,44,2026-02-13,GAAP,,,
F037,balance_sheet,"JPMorganChase deposits were $2,559,320 million at December 31 2025 versus $2,406,032 million a year earlier",2559320,USD millions,2025-12-31,2406032,10-K,0001628280-26-008131,Three-Year Summary of Consolidated Financial Highlights,44,2026-02-13,GAAP,,,
F038,balance_sheet,"JPMorganChase long-term debt was $435,206 million at December 31 2025 versus $401,418 million a year earlier",435206,USD millions,2025-12-31,401418,10-K,0001628280-26-008131,Three-Year Summary of Consolidated Financial Highlights,44,2026-02-13,GAAP,,,
F039,balance_sheet,"JPMorganChase common stockholders' equity was $342,393 million at December 31 2025 versus $324,708 million a year earlier",342393,USD millions,2025-12-31,324708,10-K,0001628280-26-008131,Three-Year Summary of Consolidated Financial Highlights,44,2026-02-13,GAAP,,,
F040,balance_sheet,"JPMorganChase total stockholders' equity was $362,438 million at December 31 2025 versus $344,758 million a year earlier",362438,USD millions,2025-12-31,344758,10-K,0001628280-26-008131,Three-Year Summary of Consolidated Financial Highlights,44,2026-02-13,GAAP,,,
F041,other,"JPMorganChase had 318,512 employees at December 31 2025 versus 317,233 a year earlier",318512,employees,2025-12-31,317233,10-K,0001628280-26-008131,Three-Year Summary of Consolidated Financial Highlights,44,2026-02-13,GAAP,,,
F042,credit,"JPMorganChase allowance for credit losses was $31,230 million at December 31 2025 versus $26,866 million a year earlier",31230,USD millions,2025-12-31,26866,10-K,0001628280-26-008131,Three-Year Summary of Consolidated Financial Highlights,44,2026-02-13,GAAP,,,
F043,credit,"JPMorganChase allowance for loan losses to total retained loans was 1.83% at December 31 2025 versus 1.87% a year earlier",1.83,%,2025-12-31,1.87,10-K,0001628280-26-008131,Three-Year Summary of Consolidated Financial Highlights,44,2026-02-13,GAAP,,,
F044,credit,"JPMorganChase nonperforming assets were $10,359 million at December 31 2025, up 11% from $9,300 million a year earlier",10359,USD millions,2025-12-31,9300,10-K,0001628280-26-008131,Three-Year Summary of Consolidated Financial Highlights,44,2026-02-13,GAAP,,,"drivers: California wildfires impact on consumer nonaccruals, wholesale downgrades"
F045,credit,"JPMorganChase net charge-offs were $9,849 million for FY2025, up $1.2 billion from $8,638 million in 2024",9849,USD millions,FY2025,8638,10-K,0001628280-26-008131,Three-Year Summary of Consolidated Financial Highlights,44,2026-02-13,GAAP,,,predominantly driven by Wholesale and Card Services
F046,credit,"JPMorganChase net charge-off rate was 0.74% for FY2025 versus 0.68% in 2024",0.74,%,FY2025,0.68,10-K,0001628280-26-008131,Three-Year Summary of Consolidated Financial Highlights,44,2026-02-13,GAAP,,,
F047,credit,"JPMorganChase net addition to the allowance for credit losses was $4.4 billion in 2025: $3.3 billion consumer (including $2.2 billion for the Apple Card transaction) and $1.1 billion wholesale",4.4,USD billions,FY2025,2.0,10-K,0001628280-26-008131,MD&A Executive Overview,47,2026-02-13,GAAP,,,prior year net addition was $2.0 billion
F048,income_statement,"JPMorganChase net interest income excluding Markets was $92,591 million for FY2025, flat versus $92,419 million in 2024",92591,USD millions,FY2025,92419,10-K,0001628280-26-008131,MD&A Executive Overview,47,2026-02-13,non-GAAP,,,
F049,income_statement,"JPMorganChase noninterest revenue excluding Markets was $57,208 million for FY2025, down 2% from $58,167 million in 2024",57208,USD millions,FY2025,58167,10-K,0001628280-26-008131,MD&A Executive Overview,47,2026-02-13,non-GAAP,,,
F050,income_statement,"JPMorganChase Markets revenue (CIB Fixed Income Markets plus Equity Markets) was $35,782 million for FY2025, up 19% from $30,007 million in 2024",35782,USD millions,FY2025,30007,10-K,0001628280-26-008131,MD&A Executive Overview,47,2026-02-13,GAAP,,,
F051,income_statement,"JPMorganChase total net revenue on a managed basis was $185,581 million for FY2025, up 3% from $180,593 million in 2024",185581,USD millions,FY2025,180593,10-K,0001628280-26-008131,MD&A Executive Overview,47,2026-02-13,non-GAAP,,,
F052,other,"On January 7 2026 JPMorganChase announced Chase will become the new issuer of Apple Card; the Firm entered a forward purchase commitment on December 30 2025 to acquire the Apple credit card portfolio with expected closing in approximately 24 months",,,2026-01-07,,10-K,0001628280-26-008131,MD&A Executive Overview,47,2026-02-13,GAAP,,,the Apple Card transaction
F053,income_statement,"JPMorganChase recorded a $588 million First Republic-related gain in noninterest revenue in the first quarter of 2025",588,USD millions,Q1-2025,,10-K,0001628280-26-008131,MD&A Executive Overview,47,2026-02-13,GAAP,,,
F054,income_statement,"JPMorganChase noninterest expense in 2025 benefited from FDIC special assessment accrual releases of $763 million, versus an increase of $725 million in 2024",763,USD millions,FY2025,,10-K,0001628280-26-008131,MD&A Executive Overview,47,2026-02-13,GAAP,,,
F055,balance_sheet,"JPMorganChase firmwide average loans were $1.4 trillion in 2025, up 6%, driven by higher loans in CIB and AWM",1.4,USD trillions,FY2025 average,,10-K,0001628280-26-008131,MD&A Executive Overview,47,2026-02-13,GAAP,,,
F056,balance_sheet,"JPMorganChase firmwide average deposits were $2.5 trillion in 2025, up 5%",2.5,USD trillions,FY2025 average,,10-K,0001628280-26-008131,MD&A Executive Overview,47,2026-02-13,GAAP,,,"inflows in Payments, Securities Services and AWM; decrease in CCB"
F057,liquidity,"JPMorganChase had approximately $915 billion of eligible end-of-period HQLA and approximately $548 billion of unencumbered marketable securities, for approximately $1.5 trillion of liquidity sources at December 31 2025",1500,USD billions,2025-12-31,,10-K,0001628280-26-008131,MD&A Executive Overview,47,2026-02-13,GAAP,,,
F058,capital,"JPMorganChase repurchased 114.4 million common shares for $31,640 million aggregate purchase price in 2025, versus 91.7 million shares for $18,841 million in 2024",31640,USD millions,FY2025,18841,10-K,0001628280-26-008131,Capital Risk Management - common stock repurchases,,2026-02-13,GAAP,,,page within pp.89-99; verify exact page in PDF
F059,capital,"JPMorganChase preferred stock dividends were $1.1 billion in 2025, versus $1.3 billion in 2024 and $1.5 billion in 2023",1.1,USD billions,FY2025,1.3,10-K,0001628280-26-008131,Capital Risk Management - preferred stock,,2026-02-13,GAAP,,,page within pp.89-99; verify exact page in PDF
F060,other,"JPMorganChase has three reportable business segments - Consumer & Community Banking (CCB), Commercial & Investment Bank (CIB) and Asset & Wealth Management (AWM) - plus Corporate; its principal bank subsidiary is JPMorgan Chase Bank N.A. with branches in 48 US states and Washington DC",3,segments,FY2025,,10-K,0001628280-26-008131,MD&A Introduction,46,2026-02-13,GAAP,,,
F061,market,"$100 invested in JPMorganChase common stock on December 31 2020 (dividends reinvested) was worth $289.18 on December 31 2025, versus $196.12 for the S&P 500",289.18,USD,2025-12-31,,10-K,0001628280-26-008131,Five-Year Stock Performance,45,2026-02-13,GAAP,,,KBW Bank Index comparison value 196.02
F062,income_statement,"JPMorganChase 2024 results included a $7.9 billion net gain related to Visa shares in revenue and a $1.0 billion contribution of Visa shares to the JPMorgan Chase Foundation in expense, both in Q2 2024",7.9,USD billions,FY2024,,10-K,0001628280-26-008131,Three-Year Summary of Consolidated Financial Highlights - footnote g,44,2026-02-13,GAAP,,,comparability item for 2025-vs-2024 questions
